run_name,metric,all_values_mean,all_values_std,all_values_min,all_values_max,all_values_count,final_values_mean,final_values_std,final_values_min,final_values_max,final_values_count,num_versions,dataset,model,num_samples,max_steps,batch_size
convex_hull_convex_hull_F_glgmlp_nsm1024_nst1024_bs128,train/loss_step,7.704053453175382,20.04046941423592,4.1267627238994464e-05,201.79306030273438,1280,0.0043653838525642644,0.0037749739489552456,9.847113688010722e-05,0.012254088185727596,10,10,convex_hull,,1024,1024,128
convex_hull_convex_hull_F_glgmlp_nsm1024_nst1024_bs128,epoch,63.83441558441559,37.053044111523604,0.0,128.0,3080,128.0,0.0,128.0,128.0,10,10,convex_hull,,1024,1024,128
convex_hull_convex_hull_F_glgmlp_nsm1024_nst1024_bs128,train/loss_epoch,8.226044728242215,21.706549892341542,7.190976612037048e-05,164.23898315429688,1280,0.004302529364213115,0.0031731569375979107,7.190976612037048e-05,0.009953533299267292,10,10,convex_hull,,1024,1024,128
convex_hull_convex_hull_F_glgmlp_nsm1024_nst1024_bs128,train/loss,8.22604475013298,21.70654990389214,7.190976612037048e-05,164.2389678955078,1280,0.004302529306005454,0.0031731568607373385,7.190976612037048e-05,0.009953533299267292,10,10,convex_hull,,1024,1024,128
convex_hull_convex_hull_F_glgmlp_nsm1024_nst1024_bs128,train/epoch,63.5,36.96373135245523,0.0,127.0,1280,127.0,0.0,127.0,127.0,10,10,convex_hull,,1024,1024,128
convex_hull_convex_hull_F_glgmlp_nsm1024_nst1024_bs128,val/loss,15.872866688522638,12.131214211944256,10.229238510131836,125.77975463867188,510,12.004078483581543,1.3374689605110675,10.229238510131836,14.7771577835083,10,10,convex_hull,,1024,1024,128
convex_hull_convex_hull_F_glgmlp_nsm1024_nst1024_bs128,test/loss,11.98491554260254,1.3242188802074824,10.229238510131836,14.76828384399414,10,11.98491554260254,1.3242188802074824,10.229238510131836,14.76828384399414,10,10,convex_hull,,1024,1024,128
convex_hull_convex_hull_MODWORES2_glgmlp_nsm1024_nst1024_bs128,train/loss_step,12.261064133055202,33.35422690998819,0.02824350632727146,184.3665771484375,1408,0.08000894043255936,0.03369695282780201,0.02824350632727146,0.15211984515190125,11,11,convex_hull,,1024,1024,128
convex_hull_convex_hull_MODWORES2_glgmlp_nsm1024_nst1024_bs128,epoch,63.83441558441559,37.05249711834955,0.0,128.0,3388,128.0,0.0,128.0,128.0,11,11,convex_hull,,1024,1024,128
convex_hull_convex_hull_MODWORES2_glgmlp_nsm1024_nst1024_bs128,train/loss_epoch,12.703939908120612,34.21357366243553,0.043307580053806305,166.47145080566406,1408,0.07929716428572481,0.028414176429284916,0.043307580053806305,0.1500633805990219,11,11,convex_hull,,1024,1024,128
convex_hull_convex_hull_MODWORES2_glgmlp_nsm1024_nst1024_bs128,train/loss,12.703939901916204,34.2135735223539,0.043307580053806305,166.471435546875,1408,0.07929716056043451,0.028414171700124398,0.043307580053806305,0.15006336569786072,11,11,convex_hull,,1024,1024,128
convex_hull_convex_hull_MODWORES2_glgmlp_nsm1024_nst1024_bs128,train/epoch,63.5,36.96241776367916,0.0,127.0,1408,127.0,0.0,127.0,127.0,11,11,convex_hull,,1024,1024,128
convex_hull_convex_hull_MODWORES2_glgmlp_nsm1024_nst1024_bs128,val/loss,18.871178193525836,26.886361305855687,10.575742721557617,156.3148193359375,561,10.974371823397549,0.2859034706093133,10.575742721557617,11.451388359069824,11,11,convex_hull,,1024,1024,128
convex_hull_convex_hull_MODWORES2_glgmlp_nsm1024_nst1024_bs128,test/loss,10.966893802989613,0.27990756112660004,10.575742721557617,11.451388359069824,11,10.966893802989613,0.27990756112660004,10.575742721557617,11.451388359069824,11,11,convex_hull,,1024,1024,128
convex_hull_convex_hull_ModRes_glgmlp_nsm1024_nst1024_bs128,train/loss_step,7.559858626817581,19.624777959719037,2.6707053621066734e-05,173.49078369140625,1280,0.0015946472776704468,0.002072222903030308,9.927271457854658e-05,0.0057061053812503815,10,10,convex_hull,,1024,1024,128
convex_hull_convex_hull_ModRes_glgmlp_nsm1024_nst1024_bs128,epoch,63.83441558441559,37.053044111523604,0.0,128.0,3080,128.0,0.0,128.0,128.0,10,10,convex_hull,,1024,1024,128
convex_hull_convex_hull_ModRes_glgmlp_nsm1024_nst1024_bs128,train/loss_epoch,8.119188112030349,21.547489753958818,3.642090814537369e-05,169.7606964111328,1280,0.0016470153157570166,0.0023087788261184302,3.642090814537369e-05,0.007457964587956667,10,10,convex_hull,,1024,1024,128
convex_hull_convex_hull_ModRes_glgmlp_nsm1024_nst1024_bs128,train/loss,8.119188116431644,21.547489847143698,3.642090814537369e-05,169.76071166992188,1280,0.0016470152648253133,0.0023087786944653204,3.642090814537369e-05,0.00745796412229538,10,10,convex_hull,,1024,1024,128
convex_hull_convex_hull_ModRes_glgmlp_nsm1024_nst1024_bs128,train/epoch,63.5,36.96373135245523,0.0,127.0,1280,127.0,0.0,127.0,127.0,10,10,convex_hull,,1024,1024,128
convex_hull_convex_hull_ModRes_glgmlp_nsm1024_nst1024_bs128,val/loss,16.109015367545332,11.710468950539948,10.952713012695312,135.90440368652344,510,12.612001895904541,0.9887655684148077,10.965688705444336,14.407571792602539,10,10,convex_hull,,1024,1024,128
convex_hull_convex_hull_ModRes_glgmlp_nsm1024_nst1024_bs128,test/loss,12.528053760528564,0.9813744529018039,10.952713012695312,14.359657287597656,10,12.528053760528564,0.9813744529018039,10.952713012695312,14.359657287597656,10,10,convex_hull,,1024,1024,128
convex_hull_convex_hull_ModWORes_glgmlp_nsm1024_nst1024_bs128,train/loss_step,11.927922325559484,33.11708141655576,0.010028490796685219,198.29408264160156,1280,0.0629286265000701,0.02365499097706954,0.010028490796685219,0.10047389566898346,10,10,convex_hull,,1024,1024,128
convex_hull_convex_hull_ModWORes_glgmlp_nsm1024_nst1024_bs128,epoch,63.83441558441559,37.053044111523604,0.0,128.0,3080,128.0,0.0,128.0,128.0,10,10,convex_hull,,1024,1024,128
convex_hull_convex_hull_ModWORes_glgmlp_nsm1024_nst1024_bs128,train/loss_epoch,12.265652508230414,33.53456390132299,0.01655733399093151,168.2791748046875,1280,0.06632482204586268,0.02154997454614674,0.01655733399093151,0.09453526139259338,10,10,convex_hull,,1024,1024,128
convex_hull_convex_hull_ModWORes_glgmlp_nsm1024_nst1024_bs128,train/loss,12.26565253353474,33.53456413565937,0.01655733585357666,168.27915954589844,1280,0.06632482074201107,0.0215499735447242,0.01655733585357666,0.09453526139259338,10,10,convex_hull,,1024,1024,128
convex_hull_convex_hull_ModWORes_glgmlp_nsm1024_nst1024_bs128,train/epoch,63.5,36.96373135245523,0.0,127.0,1280,127.0,0.0,127.0,127.0,10,10,convex_hull,,1024,1024,128
convex_hull_convex_hull_ModWORes_glgmlp_nsm1024_nst1024_bs128,val/loss,18.83706172681322,26.124524349621062,9.67605209350586,158.24220275878906,510,11.230175495147705,1.2674872275546,9.67605209350586,13.918624877929688,10,10,convex_hull,,1024,1024,128
convex_hull_convex_hull_ModWORes_glgmlp_nsm1024_nst1024_bs128,test/loss,11.198535823822022,1.2378022662272097,9.67605209350586,13.856504440307617,10,11.198535823822022,1.2378022662272097,9.67605209350586,13.856504440307617,10,10,convex_hull,,1024,1024,128
convex_hull_convex_hull_glgmlp_SsA_nsm1024_nst1024_bs128,train/loss_step,5.2699969144692655,12.719505836870033,0.0030869459733366966,94.19994354248047,2560,0.024604707909747957,0.01666752567722459,0.0030869459733366966,0.06365875154733658,20,20,convex_hull,convex_hull_glgmlp,1024,1024,128
convex_hull_convex_hull_glgmlp_SsA_nsm1024_nst1024_bs128,epoch,63.83441558441559,37.05003594881424,0.0,128.0,6160,128.0,0.0,128.0,128.0,20,20,convex_hull,convex_hull_glgmlp,1024,1024,128
convex_hull_convex_hull_glgmlp_SsA_nsm1024_nst1024_bs128,train/loss_epoch,5.51107959160272,13.365887171220999,0.0042052119970321655,84.21084594726562,2560,0.02514349026605487,0.017365683383475092,0.0042052119970321655,0.06796745955944061,20,20,convex_hull,convex_hull_glgmlp,1024,1024,128
convex_hull_convex_hull_glgmlp_SsA_nsm1024_nst1024_bs128,train/loss,5.511079612007779,13.365887255305502,0.0042052119970321655,84.2108383178711,2560,0.025143490242771804,0.01736568365021966,0.0042052119970321655,0.06796745955944061,20,20,convex_hull,convex_hull_glgmlp,1024,1024,128
convex_hull_convex_hull_glgmlp_SsA_nsm1024_nst1024_bs128,train/epoch,63.5,36.95650834674827,0.0,127.0,2560,127.0,0.0,127.0,127.0,20,20,convex_hull,convex_hull_glgmlp,1024,1024,128
convex_hull_convex_hull_glgmlp_SsA_nsm1024_nst1024_bs128,val/loss,11.243388356881983,8.928275914964663,7.184707164764404,75.67694091796875,1020,8.7921550989151,0.7688619875881814,7.25219202041626,10.431478500366211,20,20,convex_hull,convex_hull_glgmlp,1024,1024,128
convex_hull_convex_hull_glgmlp_SsA_nsm1024_nst1024_bs128,test/loss,8.436466312408447,0.6375599925720616,7.067782402038574,9.799535751342773,20,8.436466312408447,0.6375599925720616,7.067782402038574,9.799535751342773,20,20,convex_hull,convex_hull_glgmlp,1024,1024,128
convex_hull_convex_hull_glgmlp_SsA_nsm256_nst512_bs128,train/loss_step,6.8891144466507175,17.05955404482516,0.0002094363735523075,94.14093017578125,5120,0.010588254222238903,0.00859807642038271,0.0004321424348745495,0.02672908827662468,20,20,convex_hull,convex_hull_glgmlp,256,512,128
convex_hull_convex_hull_glgmlp_SsA_nsm256_nst512_bs128,epoch,127.86347517730496,74.00925229752143,0.0,256.0,11280,256.0,0.0,256.0,256.0,20,20,convex_hull,convex_hull_glgmlp,256,512,128
convex_hull_convex_hull_glgmlp_SsA_nsm256_nst512_bs128,train/loss_epoch,6.950284526104707,17.16598031572406,0.0003022186574526131,82.29417419433594,5120,0.011114470069878734,0.009440776412760676,0.0003022186574526131,0.03357118368148804,20,20,convex_hull,convex_hull_glgmlp,256,512,128
convex_hull_convex_hull_glgmlp_SsA_nsm256_nst512_bs128,train/loss,6.950284508380662,17.165980248712156,0.00030221868655644357,82.2941665649414,5120,0.011114470403117593,0.009440776943564329,0.00030221868655644357,0.033571187406778336,20,20,convex_hull,convex_hull_glgmlp,256,512,128
convex_hull_convex_hull_glgmlp_SsA_nsm256_nst512_bs128,train/epoch,127.5,73.90748851612722,0.0,255.0,5120,255.0,0.0,255.0,255.0,20,20,convex_hull,convex_hull_glgmlp,256,512,128
convex_hull_convex_hull_glgmlp_SsA_nsm256_nst512_bs128,val/loss,15.611598984400432,13.321752279264041,10.277053833007812,81.91514587402344,1020,11.694674396514893,0.6570326101383722,10.277053833007812,12.961528778076172,20,20,convex_hull,convex_hull_glgmlp,256,512,128
convex_hull_convex_hull_glgmlp_SsA_nsm256_nst512_bs128,test/loss,11.150887727737427,0.5476254142582933,9.888276100158691,12.034911155700684,20,11.150887727737427,0.5476254142582933,9.888276100158691,12.034911155700684,20,20,convex_hull,convex_hull_glgmlp,256,512,128
convex_hull_convex_hull_glgmlp_SsA_nsm4096_nst2048_bs128,train/loss_step,3.7023417109851358,7.308366171959541,0.25819286704063416,77.55244445800781,1390,0.38434214890003204,0.08396526988598291,0.25819286704063416,0.6150045394897461,22,22,convex_hull,convex_hull_glgmlp,4096,2048,128
convex_hull_convex_hull_glgmlp_SsA_nsm4096_nst2048_bs128,epoch,31.488360194423127,18.48105284681385,0.0,64.0,3909,63.18181818181818,3.8376128944009875,46.0,64.0,22,22,convex_hull,convex_hull_glgmlp,4096,2048,128
convex_hull_convex_hull_glgmlp_SsA_nsm4096_nst2048_bs128,train/loss_epoch,4.152896087890048,9.346411492259914,0.24807897210121155,77.5255355834961,1390,0.35046395659446716,0.07707815835408775,0.24807897210121155,0.6290961503982544,22,22,convex_hull,convex_hull_glgmlp,4096,2048,128
convex_hull_convex_hull_glgmlp_SsA_nsm4096_nst2048_bs128,train/loss,4.152896054056908,9.346411336694572,0.24807897210121155,77.52552795410156,1390,0.3504639593037692,0.0770781477184587,0.24807897210121155,0.6290960907936096,22,22,convex_hull,convex_hull_glgmlp,4096,2048,128
convex_hull_convex_hull_glgmlp_SsA_nsm4096_nst2048_bs128,train/epoch,31.202158273381293,18.40176756005202,0.0,63.0,1390,62.18181818181818,3.8376128944009875,45.0,63.0,22,22,convex_hull,convex_hull_glgmlp,4096,2048,128
convex_hull_convex_hull_glgmlp_SsA_nsm4096_nst2048_bs128,val/loss,6.546156322267512,4.639030246592565,3.7831811904907227,63.91060256958008,1108,4.503547234968706,0.4155982407532226,3.7831811904907227,5.334962368011475,22,22,convex_hull,convex_hull_glgmlp,4096,2048,128
convex_hull_convex_hull_glgmlp_SsA_nsm4096_nst2048_bs128,test/loss,4.373016686666579,0.3670128562854913,3.7232394218444824,4.987536907196045,21,4.373016686666579,0.3670128562854913,3.7232394218444824,4.987536907196045,21,22,convex_hull,convex_hull_glgmlp,4096,2048,128
convex_hull_convex_hull_glgmlp_SsB_nsm1024_nst1024_bs128,train/loss_step,9.692351736314595,11.702607780683216,2.5482897758483887,92.40176391601562,2560,5.156348061561585,1.2904067474749703,3.3901424407958984,8.49022388458252,20,20,convex_hull,convex_hull_glgmlp,1024,1024,128
convex_hull_convex_hull_glgmlp_SsB_nsm1024_nst1024_bs128,epoch,63.83441558441559,37.05003594881424,0.0,128.0,6160,128.0,0.0,128.0,128.0,20,20,convex_hull,convex_hull_glgmlp,1024,1024,128
convex_hull_convex_hull_glgmlp_SsB_nsm1024_nst1024_bs128,train/loss_epoch,9.892614119499921,12.310235889139785,3.053497314453125,84.43230438232422,2560,5.2709696888923645,0.7531972506294528,3.7914316654205322,6.424004554748535,20,20,convex_hull,convex_hull_glgmlp,1024,1024,128
convex_hull_convex_hull_glgmlp_SsB_nsm1024_nst1024_bs128,train/loss,9.892614152655005,12.310236014751826,3.053497314453125,84.43230438232422,2560,5.270969820022583,0.7531972372812288,3.7914319038391113,6.424005508422852,20,20,convex_hull,convex_hull_glgmlp,1024,1024,128
convex_hull_convex_hull_glgmlp_SsB_nsm1024_nst1024_bs128,train/epoch,63.5,36.95650834674827,0.0,127.0,2560,127.0,0.0,127.0,127.0,20,20,convex_hull,convex_hull_glgmlp,1024,1024,128
convex_hull_convex_hull_glgmlp_SsB_nsm1024_nst1024_bs128,val/loss,12.472836798312617,8.930635911467979,8.76691722869873,77.324462890625,1020,10.023836755752564,0.626973063765983,8.99124526977539,11.132902145385742,20,20,convex_hull,convex_hull_glgmlp,1024,1024,128
convex_hull_convex_hull_glgmlp_SsB_nsm1024_nst1024_bs128,test/loss,9.734250116348267,0.5606302346111686,8.703983306884766,10.758028984069824,20,9.734250116348267,0.5606302346111686,8.703983306884766,10.758028984069824,20,20,convex_hull,convex_hull_glgmlp,1024,1024,128
convex_hull_convex_hull_glgmlp_SsB_nsm256_nst512_bs128,train/loss_step,8.77250558270607,16.042377323687095,0.4941405653953552,87.45625305175781,5120,1.5316497892141343,1.0085798427263184,0.622028648853302,4.7162885665893555,20,20,convex_hull,convex_hull_glgmlp,256,512,128
convex_hull_convex_hull_glgmlp_SsB_nsm256_nst512_bs128,epoch,127.86347517730496,74.00925229752143,0.0,256.0,11280,256.0,0.0,256.0,256.0,20,20,convex_hull,convex_hull_glgmlp,256,512,128
convex_hull_convex_hull_glgmlp_SsB_nsm256_nst512_bs128,train/loss_epoch,8.823025488294661,16.06388462360577,0.6332957148551941,80.23568725585938,5120,1.5783160477876663,1.0229714478803216,0.6674776077270508,4.4158711433410645,20,20,convex_hull,convex_hull_glgmlp,256,512,128
convex_hull_convex_hull_glgmlp_SsB_nsm256_nst512_bs128,train/loss,8.823025480902288,16.0638846021206,0.6332957744598389,80.23568725585938,5120,1.5783160954713822,1.0229715277067764,0.6674776077270508,4.415871620178223,20,20,convex_hull,convex_hull_glgmlp,256,512,128
convex_hull_convex_hull_glgmlp_SsB_nsm256_nst512_bs128,train/epoch,127.5,73.90748851612722,0.0,255.0,5120,255.0,0.0,255.0,255.0,20,20,convex_hull,convex_hull_glgmlp,256,512,128
convex_hull_convex_hull_glgmlp_SsB_nsm256_nst512_bs128,val/loss,16.512403399336574,12.582679156033802,10.466354370117188,79.03240966796875,1020,12.615019702911377,1.244996168477543,10.617693901062012,15.834532737731934,20,20,convex_hull,convex_hull_glgmlp,256,512,128
convex_hull_convex_hull_glgmlp_SsB_nsm256_nst512_bs128,test/loss,12.070528316497803,1.047241781713868,10.518280029296875,14.738744735717773,20,12.070528316497803,1.047241781713868,10.518280029296875,14.738744735717773,20,20,convex_hull,convex_hull_glgmlp,256,512,128
convex_hull_convex_hull_glgmlp_SsB_nsm4096_nst2048_bs128,train/loss_step,8.857500593953853,5.515330778762863,3.389838218688965,69.44434356689453,1390,6.538006609136408,1.1956679502619154,4.233318328857422,9.034796714782715,22,22,convex_hull,convex_hull_glgmlp,4096,2048,128
convex_hull_convex_hull_glgmlp_SsB_nsm4096_nst2048_bs128,epoch,31.484646878198568,18.481959319145695,0.0,64.0,3908,63.13636363636363,4.050813610756597,45.0,64.0,22,22,convex_hull,convex_hull_glgmlp,4096,2048,128
convex_hull_convex_hull_glgmlp_SsB_nsm4096_nst2048_bs128,train/loss_epoch,9.335219961619206,7.940194159041787,4.229664325714111,75.23193359375,1390,6.426152857867154,1.0654462323977596,4.229664325714111,8.597807884216309,22,22,convex_hull,convex_hull_glgmlp,4096,2048,128
convex_hull_convex_hull_glgmlp_SsB_nsm4096_nst2048_bs128,train/loss,9.335219990092217,7.940194209676252,4.229664325714111,75.23193359375,1390,6.426152792843905,1.0654464280799338,4.229664325714111,8.597808837890625,22,22,convex_hull,convex_hull_glgmlp,4096,2048,128
convex_hull_convex_hull_glgmlp_SsB_nsm4096_nst2048_bs128,train/epoch,31.202158273381293,18.40176756005202,0.0,63.0,1390,62.18181818181818,3.8376128944009875,45.0,63.0,22,22,convex_hull,convex_hull_glgmlp,4096,2048,128
convex_hull_convex_hull_glgmlp_SsB_nsm4096_nst2048_bs128,val/loss,10.156777555918845,3.596310197709403,6.820395469665527,63.19338607788086,1107,8.443629156459462,0.8187769559549325,6.820395469665527,10.067062377929688,22,22,convex_hull,convex_hull_glgmlp,4096,2048,128
convex_hull_convex_hull_glgmlp_SsB_nsm4096_nst2048_bs128,test/loss,8.151747135888963,0.7663653825425804,6.663711071014404,9.64219856262207,21,8.151747135888963,0.7663653825425804,6.663711071014404,9.64219856262207,21,22,convex_hull,convex_hull_glgmlp,4096,2048,128
convex_hull_convex_hull_glgmlp_SsP_nsm1024_nst1024_bs128,train/loss_step,10.113484823796899,10.806025172394193,3.483981132507324,97.66934967041016,2560,6.709549045562744,1.475783800635683,4.327369689941406,10.559540748596191,20,20,convex_hull,convex_hull_glgmlp,1024,1024,128
convex_hull_convex_hull_glgmlp_SsP_nsm1024_nst1024_bs128,epoch,63.83441558441559,37.05003594881424,0.0,128.0,6160,128.0,0.0,128.0,128.0,20,20,convex_hull,convex_hull_glgmlp,1024,1024,128
convex_hull_convex_hull_glgmlp_SsP_nsm1024_nst1024_bs128,train/loss_epoch,10.35675655361265,11.735854664066967,4.703190326690674,86.25499725341797,2560,6.4493074178695675,0.7560678197436301,5.018263816833496,7.804358959197998,20,20,convex_hull,convex_hull_glgmlp,1024,1024,128
convex_hull_convex_hull_glgmlp_SsP_nsm1024_nst1024_bs128,train/loss,10.356756555661558,11.73585473825868,4.703189849853516,86.25499725341797,2560,6.4493074178695675,0.7560680184960186,5.018263816833496,7.8043599128723145,20,20,convex_hull,convex_hull_glgmlp,1024,1024,128
convex_hull_convex_hull_glgmlp_SsP_nsm1024_nst1024_bs128,train/epoch,63.5,36.95650834674827,0.0,127.0,2560,127.0,0.0,127.0,127.0,20,20,convex_hull,convex_hull_glgmlp,1024,1024,128
convex_hull_convex_hull_glgmlp_SsP_nsm1024_nst1024_bs128,val/loss,12.477881556866215,8.38447782530211,9.478866577148438,79.70161437988281,1020,10.333765172958374,0.39769176452950644,9.659400939941406,11.138431549072266,20,20,convex_hull,convex_hull_glgmlp,1024,1024,128
convex_hull_convex_hull_glgmlp_SsP_nsm1024_nst1024_bs128,test/loss,9.987713527679443,0.38429149139622937,9.264812469482422,10.595499038696289,20,9.987713527679443,0.38429149139622937,9.264812469482422,10.595499038696289,20,20,convex_hull,convex_hull_glgmlp,1024,1024,128
convex_hull_convex_hull_glgmlp_SsP_nsm256_nst512_bs128,train/loss_step,9.039369515422731,15.998824056778744,0.8054962158203125,88.52542114257812,5120,2.1973670959472655,0.7720179854730281,1.2279682159423828,4.048036575317383,20,20,convex_hull,convex_hull_glgmlp,256,512,128
convex_hull_convex_hull_glgmlp_SsP_nsm256_nst512_bs128,epoch,127.86347517730496,74.00925229752143,0.0,256.0,11280,256.0,0.0,256.0,256.0,20,20,convex_hull,convex_hull_glgmlp,256,512,128
convex_hull_convex_hull_glgmlp_SsP_nsm256_nst512_bs128,train/loss_epoch,9.084538255818188,16.03634619245028,0.9259271025657654,80.01000213623047,5120,2.2009141623973845,0.674472809732627,1.2373615503311157,3.575615882873535,20,20,convex_hull,convex_hull_glgmlp,256,512,128
convex_hull_convex_hull_glgmlp_SsP_nsm256_nst512_bs128,train/loss,9.08453824731987,16.036346165915234,0.9259270429611206,80.01000213623047,5120,2.2009141385555266,0.6744728192147749,1.2373614311218262,3.575615882873535,20,20,convex_hull,convex_hull_glgmlp,256,512,128
convex_hull_convex_hull_glgmlp_SsP_nsm256_nst512_bs128,train/epoch,127.5,73.90748851612722,0.0,255.0,5120,255.0,0.0,255.0,255.0,20,20,convex_hull,convex_hull_glgmlp,256,512,128
convex_hull_convex_hull_glgmlp_SsP_nsm256_nst512_bs128,val/loss,15.911936840356566,12.827021946657,10.700008392333984,77.98171997070312,1020,12.596761751174927,1.1051489858475616,11.026695251464844,14.537239074707031,20,20,convex_hull,convex_hull_glgmlp,256,512,128
convex_hull_convex_hull_glgmlp_SsP_nsm256_nst512_bs128,test/loss,11.575306224822999,0.7626643081408155,10.281839370727539,13.524148941040039,20,11.575306224822999,0.7626643081408155,10.281839370727539,13.524148941040039,20,20,convex_hull,convex_hull_glgmlp,256,512,128
convex_hull_convex_hull_glgmlp_SsP_nsm4096_nst2048_bs128,train/loss_step,8.869912950942913,5.526428072503563,2.9290719032287598,61.614715576171875,1344,6.504578442800613,1.5446550060462678,3.681687593460083,11.23491382598877,21,21,convex_hull,convex_hull_glgmlp,4096,2048,128
convex_hull_convex_hull_glgmlp_SsP_nsm4096_nst2048_bs128,epoch,31.788888888888888,18.558971994019952,0.0,64.0,3780,64.0,0.0,64.0,64.0,21,21,convex_hull,convex_hull_glgmlp,4096,2048,128
convex_hull_convex_hull_glgmlp_SsP_nsm4096_nst2048_bs128,train/loss_epoch,9.262683288682075,7.702495840579914,5.3141961097717285,73.78511047363281,1344,6.541928813571022,0.7288618623468098,5.3141961097717285,7.74862813949585,21,21,convex_hull,convex_hull_glgmlp,4096,2048,128
convex_hull_convex_hull_glgmlp_SsP_nsm4096_nst2048_bs128,train/loss,9.262683323451451,7.702496216037476,5.314196586608887,73.78511047363281,1344,6.541928881690616,0.7288620680515339,5.314196586608887,7.748627662658691,21,21,convex_hull,convex_hull_glgmlp,4096,2048,128
convex_hull_convex_hull_glgmlp_SsP_nsm4096_nst2048_bs128,train/epoch,31.5,18.47982941774652,0.0,63.0,1344,63.0,0.0,63.0,63.0,21,21,convex_hull,convex_hull_glgmlp,4096,2048,128
convex_hull_convex_hull_glgmlp_SsP_nsm4096_nst2048_bs128,val/loss,10.012039111998458,3.0352248618922895,7.280465602874756,45.07392883300781,1071,8.453943252563477,0.6010292602702565,7.280465602874756,9.381525993347168,21,21,convex_hull,convex_hull_glgmlp,4096,2048,128
convex_hull_convex_hull_glgmlp_SsP_nsm4096_nst2048_bs128,test/loss,8.210105782463437,0.5284977701437866,7.255311012268066,8.935688018798828,21,8.210105782463437,0.5284977701437866,7.255311012268066,8.935688018798828,21,21,convex_hull,convex_hull_glgmlp,4096,2048,128
convex_hull_convex_hull_glgmlp_SsQ_nsm1024_nst1024_bs128,train/loss_step,4.347239593368672,11.81036071955087,5.396910637500696e-05,92.17308807373047,2560,0.002955497656330408,0.0031302457027231312,5.396910637500696e-05,0.012351025827229023,20,20,convex_hull,convex_hull_glgmlp,1024,1024,128
convex_hull_convex_hull_glgmlp_SsQ_nsm1024_nst1024_bs128,epoch,63.83441558441559,37.05003594881424,0.0,128.0,6160,128.0,0.0,128.0,128.0,20,20,convex_hull,convex_hull_glgmlp,1024,1024,128
convex_hull_convex_hull_glgmlp_SsQ_nsm1024_nst1024_bs128,train/loss_epoch,4.562335292686143,12.428072808030924,9.326251893071458e-05,83.80913543701172,2560,0.003662581860771752,0.0036648187849419884,9.326251893071458e-05,0.013025092892348766,20,20,convex_hull,convex_hull_glgmlp,1024,1024,128
convex_hull_convex_hull_glgmlp_SsQ_nsm1024_nst1024_bs128,train/loss,4.5623353094760635,12.428072895995493,9.326251893071458e-05,83.80913543701172,2560,0.0036625817821914096,0.00366481870676265,9.326251893071458e-05,0.013025091961026192,20,20,convex_hull,convex_hull_glgmlp,1024,1024,128
convex_hull_convex_hull_glgmlp_SsQ_nsm1024_nst1024_bs128,train/epoch,63.5,36.95650834674827,0.0,127.0,2560,127.0,0.0,127.0,127.0,20,20,convex_hull,convex_hull_glgmlp,1024,1024,128
convex_hull_convex_hull_glgmlp_SsQ_nsm1024_nst1024_bs128,val/loss,10.057535798409406,8.031739621957746,6.704227924346924,72.4497299194336,1020,7.980505514144897,0.7810409199053484,6.706833362579346,9.89657974243164,20,20,convex_hull,convex_hull_glgmlp,1024,1024,128
convex_hull_convex_hull_glgmlp_SsQ_nsm1024_nst1024_bs128,test/loss,7.740162444114685,0.722704975688063,6.542708396911621,9.188300132751465,20,7.740162444114685,0.722704975688063,6.542708396911621,9.188300132751465,20,20,convex_hull,convex_hull_glgmlp,1024,1024,128
convex_hull_convex_hull_glgmlp_SsQ_nsm256_nst512_bs128,train/loss_step,6.037395004609075,16.176568730389313,5.0488990382291377e-05,92.82568359375,5586,0.003577742769927929,0.00526539601980032,0.00016347758355550468,0.0198975782841444,22,22,convex_hull,convex_hull_glgmlp,256,512,128
convex_hull_convex_hull_glgmlp_SsQ_nsm256_nst512_bs128,epoch,126.97984395318596,73.68097919007252,0.0,256.0,12304,253.86363636363637,10.020433668713693,209.0,256.0,22,22,convex_hull,convex_hull_glgmlp,256,512,128
convex_hull_convex_hull_glgmlp_SsQ_nsm256_nst512_bs128,train/loss_epoch,6.112392212128436,16.270742444878458,0.00012560661707539111,81.41059875488281,5585,0.003671828401407269,0.005107083475400995,0.00012560661707539111,0.017784342169761658,22,22,convex_hull,convex_hull_glgmlp,256,512,128
convex_hull_convex_hull_glgmlp_SsQ_nsm256_nst512_bs128,train/loss,6.112392221734389,16.270742481662758,0.00012560661707539111,81.41059875488281,5585,0.003671828417282086,0.005107083493054595,0.00012560661707539111,0.017784342169761658,22,22,convex_hull,convex_hull_glgmlp,256,512,128
convex_hull_convex_hull_glgmlp_SsQ_nsm256_nst512_bs128,train/epoch,126.6205908683975,73.57960261657041,0.0,255.0,5585,252.86363636363637,10.020433668713693,208.0,255.0,22,22,convex_hull,convex_hull_glgmlp,256,512,128
convex_hull_convex_hull_glgmlp_SsQ_nsm256_nst512_bs128,val/loss,14.405789057127864,12.480411474028205,10.04544734954834,80.13601684570312,1112,10.91804261641069,0.4210893349199227,10.066585540771484,11.690303802490234,22,22,convex_hull,convex_hull_glgmlp,256,512,128
convex_hull_convex_hull_glgmlp_SsQ_nsm256_nst512_bs128,test/loss,10.488925388881139,0.37174983714865995,9.875116348266602,11.067306518554688,21,10.488925388881139,0.37174983714865995,9.875116348266602,11.067306518554688,21,22,convex_hull,convex_hull_glgmlp,256,512,128
convex_hull_convex_hull_glgmlp_SsQ_nsm4096_nst2048_bs128,train/loss_step,2.8303105747234576,5.796944739859093,0.03846977651119232,64.44213104248047,1307,0.17619915714576131,0.3042589477179118,0.03846977651119232,1.4854440689086914,21,21,convex_hull,convex_hull_glgmlp,4096,2048,128
convex_hull_convex_hull_glgmlp_SsQ_nsm4096_nst2048_bs128,epoch,31.40625850340136,18.591828445203546,0.0,64.0,3675,62.19047619047619,8.292279828967711,26.0,64.0,21,21,convex_hull,convex_hull_glgmlp,4096,2048,128
convex_hull_convex_hull_glgmlp_SsQ_nsm4096_nst2048_bs128,train/loss_epoch,3.3370324460776737,8.614882658577883,0.035196661949157715,72.04769897460938,1307,0.15513332205868902,0.2471988170837523,0.035196661949157715,1.217051386833191,21,21,convex_hull,convex_hull_glgmlp,4096,2048,128
convex_hull_convex_hull_glgmlp_SsQ_nsm4096_nst2048_bs128,train/loss,3.3370324508176563,8.614882666584391,0.035196661949157715,72.04769897460938,1307,0.15513332791271664,0.24719884252847582,0.035196661949157715,1.2170515060424805,21,21,convex_hull,convex_hull_glgmlp,4096,2048,128
convex_hull_convex_hull_glgmlp_SsQ_nsm4096_nst2048_bs128,train/epoch,31.117827084927313,18.51053784203252,0.0,63.0,1307,61.23809523809524,8.074061938731719,26.0,63.0,21,21,convex_hull,convex_hull_glgmlp,4096,2048,128
convex_hull_convex_hull_glgmlp_SsQ_nsm4096_nst2048_bs128,val/loss,5.336455604643001,2.95796569580187,3.275120496749878,29.355548858642578,1041,3.788505372546968,0.36495557018414065,3.289991855621338,4.868547439575195,21,21,convex_hull,convex_hull_glgmlp,4096,2048,128
convex_hull_convex_hull_glgmlp_SsQ_nsm4096_nst2048_bs128,test/loss,3.6442079901695252,0.3296050270511953,3.181790351867676,4.575065612792969,20,3.6442079901695252,0.3296050270511953,3.181790351867676,4.575065612792969,20,21,convex_hull,convex_hull_glgmlp,4096,2048,128
convex_hull_convex_hull_glgmlp_SsTriple_nsm1024_nst1024_bs128,train/loss_step,4.7088570638438,12.282009014885618,0.00031216247589327395,98.71592712402344,2560,0.009984346982673743,0.014386365096512184,0.0003490535309538245,0.05836007371544838,20,20,convex_hull,convex_hull_glgmlp,1024,1024,128
convex_hull_convex_hull_glgmlp_SsTriple_nsm1024_nst1024_bs128,epoch,63.83441558441559,37.05003594881424,0.0,128.0,6160,128.0,0.0,128.0,128.0,20,20,convex_hull,convex_hull_glgmlp,1024,1024,128
convex_hull_convex_hull_glgmlp_SsTriple_nsm1024_nst1024_bs128,train/loss_epoch,4.930898426222359,12.817168609372924,0.0003505108179524541,84.12591552734375,2560,0.010627517098328099,0.01568078909798308,0.0003505108179524541,0.06651535630226135,20,20,convex_hull,convex_hull_glgmlp,1024,1024,128
convex_hull_convex_hull_glgmlp_SsTriple_nsm1024_nst1024_bs128,train/loss,4.930898414752596,12.817168540173784,0.0003505108179524541,84.12591552734375,2560,0.010627517208922655,0.015680789146961818,0.0003505108179524541,0.06651535630226135,20,20,convex_hull,convex_hull_glgmlp,1024,1024,128
convex_hull_convex_hull_glgmlp_SsTriple_nsm1024_nst1024_bs128,train/epoch,63.5,36.95650834674827,0.0,127.0,2560,127.0,0.0,127.0,127.0,20,20,convex_hull,convex_hull_glgmlp,1024,1024,128
convex_hull_convex_hull_glgmlp_SsTriple_nsm1024_nst1024_bs128,val/loss,10.0684405967301,8.509380040634205,6.204573631286621,73.57038879394531,1020,7.6285597562789915,0.9409626953060024,6.204573631286621,9.41525936126709,20,20,convex_hull,convex_hull_glgmlp,1024,1024,128
convex_hull_convex_hull_glgmlp_SsTriple_nsm1024_nst1024_bs128,test/loss,7.376887655258178,0.8272533896504674,6.163495063781738,9.001468658447266,20,7.376887655258178,0.8272533896504674,6.163495063781738,9.001468658447266,20,20,convex_hull,convex_hull_glgmlp,1024,1024,128
convex_hull_convex_hull_glgmlp_SsTriple_nsm256_nst512_bs128,train/loss_step,6.236645086081821,16.456909042871075,4.49976469099056e-05,87.61119842529297,5120,0.0036075380117836175,0.0033473213729639777,7.651226042071357e-05,0.011194447055459023,20,20,convex_hull,convex_hull_glgmlp,256,512,128
convex_hull_convex_hull_glgmlp_SsTriple_nsm256_nst512_bs128,epoch,127.86347517730496,74.00925229752143,0.0,256.0,11280,256.0,0.0,256.0,256.0,20,20,convex_hull,convex_hull_glgmlp,256,512,128
convex_hull_convex_hull_glgmlp_SsTriple_nsm256_nst512_bs128,train/loss_epoch,6.326941337567011,16.623328389184778,9.284800034947693e-05,81.65878295898438,5120,0.003601907465781551,0.0030955673347960884,9.284800034947693e-05,0.010470793582499027,20,20,convex_hull,convex_hull_glgmlp,256,512,128
convex_hull_convex_hull_glgmlp_SsTriple_nsm256_nst512_bs128,train/loss,6.3269413347280175,16.62332837877144,9.284800762543455e-05,81.65877532958984,5120,0.0036019075279909883,0.003095567484789189,9.284800762543455e-05,0.010470794513821602,20,20,convex_hull,convex_hull_glgmlp,256,512,128
convex_hull_convex_hull_glgmlp_SsTriple_nsm256_nst512_bs128,train/epoch,127.5,73.90748851612722,0.0,255.0,5120,255.0,0.0,255.0,255.0,20,20,convex_hull,convex_hull_glgmlp,256,512,128
convex_hull_convex_hull_glgmlp_SsTriple_nsm256_nst512_bs128,val/loss,14.801184701919556,12.810181266440662,9.854381561279297,80.74873352050781,1020,11.267010307312011,0.7426023676345582,9.854381561279297,12.884696960449219,20,20,convex_hull,convex_hull_glgmlp,256,512,128
convex_hull_convex_hull_glgmlp_SsTriple_nsm256_nst512_bs128,test/loss,10.794452238082886,0.6043189052582496,9.44446086883545,11.877683639526367,20,10.794452238082886,0.6043189052582496,9.44446086883545,11.877683639526367,20,20,convex_hull,convex_hull_glgmlp,256,512,128
convex_hull_convex_hull_glgmlp_SsTriple_nsm4096_nst2048_bs128,train/loss_step,2.954294136277792,5.981210668464025,0.07413032650947571,64.85496520996094,1313,0.16106203162953966,0.11193460908771789,0.07413032650947571,0.6306799650192261,21,21,convex_hull,convex_hull_glgmlp,4096,2048,128
convex_hull_convex_hull_glgmlp_SsTriple_nsm4096_nst2048_bs128,epoch,31.397345612134345,18.5498084241594,0.0,64.0,3692,62.476190476190474,6.982972487551757,32.0,64.0,21,21,convex_hull,convex_hull_glgmlp,4096,2048,128
convex_hull_convex_hull_glgmlp_SsTriple_nsm4096_nst2048_bs128,train/loss_epoch,3.45815919042882,8.823043793395682,0.08815799653530121,72.85704803466797,1313,0.15417780656190144,0.11395240869786519,0.08815799653530121,0.6411380171775818,21,21,convex_hull,convex_hull_glgmlp,4096,2048,128
convex_hull_convex_hull_glgmlp_SsTriple_nsm4096_nst2048_bs128,train/loss,3.4581591736437343,8.823043741243207,0.08815798908472061,72.85704803466797,1313,0.15417780053047908,0.11395237049889857,0.08815798908472061,0.6411378383636475,21,21,convex_hull,convex_hull_glgmlp,4096,2048,128
convex_hull_convex_hull_glgmlp_SsTriple_nsm4096_nst2048_bs128,train/epoch,31.11043412033511,18.468847102682115,0.0,63.0,1313,61.523809523809526,6.764754597315763,32.0,63.0,21,21,convex_hull,convex_hull_glgmlp,4096,2048,128
convex_hull_convex_hull_glgmlp_SsTriple_nsm4096_nst2048_bs128,val/loss,5.0594404270270585,3.3715820704047528,2.609671115875244,33.326847076416016,1046,3.051609232312157,0.2654009620838899,2.6105082035064697,3.5154521465301514,21,21,convex_hull,convex_hull_glgmlp,4096,2048,128
convex_hull_convex_hull_glgmlp_SsTriple_nsm4096_nst2048_bs128,test/loss,2.9828412413597105,0.2570776355914145,2.5620505809783936,3.510592460632324,20,2.9828412413597105,0.2570776355914145,2.5620505809783936,3.510592460632324,20,21,convex_hull,convex_hull_glgmlp,4096,2048,128
convex_hull_convex_hull_orgQ_glgmlp_nsm1024_nst1024_bs128,train/loss_step,12.068293283802632,33.44682301598984,0.020582785829901695,188.91128540039062,1280,0.05959480926394463,0.01686901192488932,0.031863875687122345,0.08714330941438675,10,10,convex_hull,,1024,1024,128
convex_hull_convex_hull_orgQ_glgmlp_nsm1024_nst1024_bs128,epoch,63.83441558441559,37.053044111523604,0.0,128.0,3080,128.0,0.0,128.0,128.0,10,10,convex_hull,,1024,1024,128
convex_hull_convex_hull_orgQ_glgmlp_nsm1024_nst1024_bs128,train/loss_epoch,12.58215009792475,34.23096202295007,0.029022611677646637,168.01773071289062,1280,0.06438054218888282,0.02391845875761063,0.029022611677646637,0.11145342141389847,10,10,convex_hull,,1024,1024,128
convex_hull_convex_hull_orgQ_glgmlp_nsm1024_nst1024_bs128,train/loss,12.582150073679804,34.230962028143715,0.029022609815001488,168.01773071289062,1280,0.06438054200261831,0.02391846023036215,0.029022609815001488,0.11145342886447906,10,10,convex_hull,,1024,1024,128
convex_hull_convex_hull_orgQ_glgmlp_nsm1024_nst1024_bs128,train/epoch,63.5,36.96373135245523,0.0,127.0,1280,127.0,0.0,127.0,127.0,10,10,convex_hull,,1024,1024,128
convex_hull_convex_hull_orgQ_glgmlp_nsm1024_nst1024_bs128,val/loss,19.043706013174617,26.759030084902214,9.534168243408203,157.73370361328125,510,11.337546920776367,0.9394629549525221,9.534168243408203,12.268964767456055,10,10,convex_hull,,1024,1024,128
convex_hull_convex_hull_orgQ_glgmlp_nsm1024_nst1024_bs128,test/loss,11.297327518463135,0.9277353165061092,9.534168243408203,12.268964767456055,10,11.297327518463135,0.9277353165061092,9.534168243408203,12.268964767456055,10,10,convex_hull,,1024,1024,128
